first_name,last_name,email,date_of_birth,membership_id
Patty,Smith,Patty_Smith@ross.com,19750827,Smith_c7677
Sean,Wang,Sean_Wang@gibson-calderon.com,19601103,Wang_c80e0
Richard,Estrada,Richard_Estrada@malone.com,19921015,Estrada_0bf5b
Jackson,Cline,Jackson_Cline@hudson.net,19710121,Cline_825fb
Allen,Williams,Allen_Williams@sanchez.net,19970911,Williams_e4ce1
Eric,Flores,Eric_Flores@dillon-patterson.com,19820107,Flores_f6828
Anna,Richardson,Anna_Richardson@perry.com,19670223,Richardson_ef158
Taylor,Gomez,Taylor_Gomez@johnston.com,19821022,Gomez_876bf
Jeremy,Rodriguez,Jeremy_Rodriguez@roth.com,19780828,Rodriguez_93ac7
April,Garcia,April_Garcia@hall.com,19871231,Garcia_26b55
Sharon,Garza,Sharon_Garza@duran.com,20020830,Garza_40199
Lori,Sanchez,Lori_Sanchez@hardin-warner.net,19980420,Sanchez_364a7
Jason,Armstrong,Jason_Armstrong@curtis.com,19921116,Armstrong_e2fb8
Jessica,Allison,Jessica_Allison@harper.com,19721030,Allison_0c21b
Arthur,Hall,Arthur_Hall@gonzalez.com,19940311,Hall_5eccd
Sherry,Meza,Sherry_Meza@west.com,19970409,Meza_5bcfa
Matthew,Turner,Matthew_Turner@martinez.com,19940707,Turner_0303a
Sophia,Randolph,Sophia_Randolph@leonard-ramirez.com,19500708,Randolph_cf878
Samuel,Thompson,Samuel_Thompson@sanchez-carroll.com,19840304,Thompson_8382b
Zachary,Lee,Zachary_Lee@smith.com,19870407,Lee_f3d6e
Kara,Pittman,Kara_Pittman@gomez-vaughn.com,19680525,Pittman_44c4d
Gabriella,Anthony,Gabriella_Anthony@castro.com,19970601,Anthony_7e815
Misty,Cantrell,Misty_Cantrell@flores-decker.com,19570303,Cantrell_b19eb
Kelly,Guerrero,Kelly_Guerrero@riggs.com,19970302,Guerrero_f1280
David,Nichols,David_Nichols@rocha.com,19620819,Nichols_9226a
Shawn,Galloway,Shawn_Galloway@johnston.com,19850419,Galloway_1a4d2
Dennis,Sanford,Dennis_Sanford@lopez-archer.com,19800608,Sanford_44e44
Amanda,Murphy,Amanda_Murphy@bright-gibbs.net,20000730,Murphy_0851c
Bobby,Martin,Bobby_Martin@jackson.com,20000331,Martin_35f44
Vernon,Bishop,Vernon_Bishop@clark-larson.com,19731007,Bishop_e36fa
Phillip,Meyers,Phillip_Meyers@mcneil-williams.com,19601022,Meyers_2871d
Robert,Martin,Robert_Martin@crawford.com,19500718,Martin_6f48d
William,Taylor,William_Taylor@warner-morgan.net,19860131,Taylor_4fbc5
Michael,Brady,Michael_Brady@wells-sanders.com,19500323,Brady_bd431
James,Rhodes,James_Rhodes@green.com,19771010,Rhodes_df266
Ryan,Ramirez,Ryan_Ramirez@pham.com,19850425,Ramirez_5ff32
Stephen,Thompson,Stephen_Thompson@hess.com,19511211,Thompson_1eb98
Susan,Williams,Susan_Williams@rowland.com,19761205,Williams_3b0d4
Dylan,Johnson,Dylan_Johnson@montgomery.com,19960701,Johnson_b8d3f
Pamela,King,Pamela_King@soto.net,19930929,King_01148
Robert,Smith,Robert_Smith@joyce.com,19870424,Smith_634dd
Samantha,Gonzalez,Samantha_Gonzalez@rios-fletcher.com,19980829,Gonzalez_31e9a
Jeffery,Walker,Jeffery_Walker@watson.com,19560624,Walker_ba5b7
Todd,Alvarez,Todd_Alvarez@vaughn.com,19741125,Alvarez_7bc5d
Brett,Willis,Brett_Willis@gibbs.com,19610809,Willis_297f6
Kristin,Wilkins,Kristin_Wilkins@harvey.com,20021105,Wilkins_b8306
Joshua,Lynch,Joshua_Lynch@daniels.com,19650526,Lynch_49515
Deborah,Williams,Deborah_Williams@howard.com,19841121,Williams_e69d3
Timothy,Martin,Timothy_Martin@camacho-sparks.net,20030501,Martin_6cf84
Sarah,Bright,Sarah_Bright@winters.com,19981115,Bright_776f9
Rebecca,Anderson,Rebecca_Anderson@carter-ramirez.com,19730827,Anderson_48071
Roger,Frost,Roger_Frost@cole-robinson.com,19700217,Frost_5ba4a
Eric,Dunn,Eric_Dunn@reese.com,19601207,Dunn_84e93
Heather,Pierce,Heather_Pierce@williams-edwards.com,19570813,Pierce_1096d
Jordan,Erickson,Jordan_Erickson@martinez.com,19750208,Erickson_d5457
Susan,Ali,Susan_Ali@leach.com,19990501,Ali_f596a
Richard,Wilson,Richard_Wilson@hernandez.com,19990307,Wilson_2b41e
Jon,Butler,Jon_Butler@blackwell.com,19870318,Butler_a60e8
Paul,Phillips,Paul_Phillips@vance.com,19970216,Phillips_01acd
Adam,Parker,Adam_Parker@yoder.com,19980722,Parker_5ebc0
Cory,Walker,Cory_Walker@torres.net,19620812,Walker_31a14
Jeffrey,Sanchez,Jeffrey_Sanchez@jones-butler.com,19950914,Sanchez_cf3c9
Bianca,Martin,Bianca_Martin@mitchell.com,19780502,Martin_5d6f3
Jeffrey,King,Jeffrey_King@hicks-boyd.com,19770623,King_2f8a4
Melanie,Wiggins,Melanie_Wiggins@mcdonald-rice.com,20000214,Wiggins_c46e0
Daniel,Smith,Daniel_Smith@cummings.com,19860803,Smith_c3ee1
Scott,Lawrence,Scott_Lawrence@aguilar.com,19760401,Lawrence_c5866
James,Sosa,James_Sosa@robles-hawkins.com,19570811,Sosa_84005
Jamie,Jackson,Jamie_Jackson@carr.com,19770526,Jackson_b5943
Jeffrey,Hatfield,Jeffrey_Hatfield@morgan-erickson.com,19701014,Hatfield_bf691
James,Phillips,James_Phillips@green-taylor.com,19611019,Phillips_c68d2
Jessica,Moore,Jessica_Moore@harrison-bautista.com,19990905,Moore_555b6
Mark,Campbell,Mark_Campbell@brown.com,20040507,Campbell_e0e07
Richard,Anderson,Richard_Anderson@peck-franklin.com,19700504,Anderson_0f1ea
Lauren,Hahn,Lauren_Hahn@simmons.com,19720620,Hahn_38908
Faith,Edwards,Faith_Edwards@price.net,19770726,Edwards_96edd
Laura,Vargas,Laura_Vargas@gallagher-young.com,19770910,Vargas_b176f
Sarah,Lewis,Sarah_Lewis@wyatt.com,19810225,Lewis_f236b
Brad,Huff,Brad_Huff@moore.com,19611227,Huff_88806
Alexander,Richardson,Alexander_Richardson@perez.com,19581025,Richardson_e102e
Matthew,Moore,Matthew_Moore@nichols.com,20030707,Moore_4788f
Joseph,Howard,Joseph_Howard@williams.com,19520726,Howard_99bdb
Anne,Richards,Anne_Richards@mccarthy.com,19690609,Richards_e1b0f
Derek,Thomas,Derek_Thomas@green.com,19640724,Thomas_a6b2a
Joseph,Bonilla,Joseph_Bonilla@freeman.com,19740805,Bonilla_051c7
Gary,Barber,Gary_Barber@roberts.net,19551211,Barber_88c3c
Brian,Johnson,Brian_Johnson@carr.com,19810617,Johnson_01409
Christine,Peterson,Christine_Peterson@hamilton.com,19741119,Peterson_d3043
Christopher,Bautista,Christopher_Bautista@rodgers.com,19940212,Bautista_06ca7
Barbara,Krueger,Barbara_Krueger@strong.com,19520322,Krueger_f41b0
Monica,Oconnor,Monica_Oconnor@gordon.com,19800107,Oconnor_5d9be
Peggy,Johnson,Peggy_Johnson@berg.com,19720328,Johnson_317e0
Susan,Herrera,Susan_Herrera@gomez.com,19550826,Herrera_2275e
Andrew,Matthews,Andrew_Matthews@ramos-vaughn.com,19880219,Matthews_33105
Erin,Kennedy,Erin_Kennedy@hendricks-mason.com,19650901,Kennedy_605fb
Jason,Lopez,Jason_Lopez@wood-hill.com,19740830,Lopez_ad64b
Jerry,Clark,Jerry_Clark@perez.com,19950928,Clark_850e2
Alyssa,Kim,Alyssa_Kim@beck-zuniga.com,19901108,Kim_61638
Courtney,Williams,Courtney_Williams@garner.com,19990919,Williams_225d6
Matthew,Nelson,Matthew_Nelson@hunt.com,19580127,Nelson_49b51
Robert,Moore,Robert_Moore@young.com,19550415,Moore_bd6b1
Nicole,Mcgee,Nicole_Mcgee@reyes.com,19590303,Mcgee_84007
Danielle,Hunter,Danielle_Hunter@ballard.com,19711108,Hunter_bf592
Kelly,Perez,Kelly_Perez@ward-wilson.com,19600519,Perez_016c7
Mary,Odom,Mary_Odom@morgan-reynolds.com,19630813,Odom_e8796
Arthur,Gibson,Arthur_Gibson@thompson-thompson.com,19610306,Gibson_7ade8
Christopher,Miller,Christopher_Miller@kelly.com,19850131,Miller_5a80b
Amber,Hopkins,Amber_Hopkins@hall.com,19750831,Hopkins_7c2f6
Nancy,Garcia,Nancy_Garcia@lewis-hayden.com,19680503,Garcia_33656
Alex,Rhodes,Alex_Rhodes@russell.net,19780913,Rhodes_a5121
Daniel,Bennett,Daniel_Bennett@stephens-oneill.com,19730228,Bennett_1ed65
Kevin,Woodard,Kevin_Woodard@lynch.com,19550908,Woodard_a0e70
Alan,Peterson,Alan_Peterson@burch.com,19760129,Peterson_9e709
Jacob,Grant,Jacob_Grant@cummings.com,19910412,Grant_3d9bf
Gabrielle,Johnson,Gabrielle_Johnson@serrano.com,19580610,Johnson_aa25e
Caleb,Morales,Caleb_Morales@collins.com,19660329,Morales_0598c
James,Dominguez,James_Dominguez@black.com,19880512,Dominguez_7d290
Kathryn,Cardenas,Kathryn_Cardenas@skinner.com,19830805,Cardenas_c6838
Jeffrey,Santiago,Jeffrey_Santiago@duncan.com,19750228,Santiago_5cbec
Andrew,Mclaughlin,Andrew_Mclaughlin@fitzpatrick-lucas.com,19730514,Mclaughlin_b2423
Bryan,Porter,Bryan_Porter@elliott.com,19570214,Porter_e9e42
Brendan,Smith,Brendan_Smith@williams.com,19580516,Smith_750a9
Jeffrey,Hernandez,Jeffrey_Hernandez@mcdaniel.com,19891231,Hernandez_f3251
Michael,Miller,Michael_Miller@taylor-moore.com,19640520,Miller_375ad
Theresa,Newman,Theresa_Newman@perry-scott.com,19941129,Newman_069d1
Paul,Romero,Paul_Romero@middleton-jones.com,19600710,Romero_19da2
Janet,Choi,Janet_Choi@neal.com,19860718,Choi_e37de
Mark,Bender,Mark_Bender@oneal-wilkins.com,19691109,Bender_213aa
Abigail,Brown,Abigail_Brown@jones-underwood.com,19800810,Brown_7bef7
Antonio,Dominguez,Antonio_Dominguez@nichols.com,19801115,Dominguez_821d7
Tony,Morris,Tony_Morris@davis.com,19700508,Morris_4cc03
Randy,Carlson,Randy_Carlson@rivera.com,19550530,Carlson_d8db2
Savannah,Holland,Savannah_Holland@williams-kelly.com,20040407,Holland_b46e4
Mitchell,Pierce,Mitchell_Pierce@houston-conway.net,20010824,Pierce_7e42c
Angela,West,Angela_West@anderson-fitzgerald.com,19810427,West_0afba
Kevin,Peters,Kevin_Peters@edwards.com,19670602,Peters_4b936
Benjamin,Conway,Benjamin_Conway@burton-paul.com,19551228,Conway_b14b9
Andrew,Stewart,Andrew_Stewart@wong.com,19511202,Stewart_c3765
Brenda,Jones,Brenda_Jones@lang.com,19550408,Jones_2552b
Elizabeth,Bailey,Elizabeth_Bailey@stephenson-arnold.com,19630101,Bailey_5c8a5
Kelly,Levy,Kelly_Levy@barajas.com,19940805,Levy_1b739
Thomas,Burton,Thomas_Burton@dunn-avery.net,19750419,Burton_e624b
Paul,Peterson,Paul_Peterson@bullock.com,20021225,Peterson_c41f4
Michael,Reilly,Michael_Reilly@cooper.net,19720514,Reilly_1c829
Alejandra,Martinez,Alejandra_Martinez@jones.com,19791221,Martinez_d6f6b
Timothy,Sanders,Timothy_Sanders@harrell.com,19520310,Sanders_2f7e1
Latoya,Little,Latoya_Little@martinez.com,19780708,Little_9b0c8
Sarah,Harvey,Sarah_Harvey@martin-smith.com,19600331,Harvey_119d2
Melissa,Ortiz,Melissa_Ortiz@lee-malone.com,19580729,Ortiz_84be0
Brooke,Hernandez,Brooke_Hernandez@benitez.com,19911114,Hernandez_bcb5b
Lisa,Livingston,Lisa_Livingston@glover.com,19500423,Livingston_19295
Eugene,Mason,Eugene_Mason@gardner.com,19781213,Mason_6bc9b
Daniel,Cunningham,Daniel_Cunningham@cooper.com,19730326,Cunningham_12799
Alex,Smith,Alex_Smith@johnson.com,20020305,Smith_64fde
Jessica,Vargas,Jessica_Vargas@miller-price.net,19810517,Vargas_ed53f
Olivia,Clark,Olivia_Clark@wade-roberson.com,19740110,Clark_e0b48
Cathy,Carney,Cathy_Carney@williams.net,19970522,Carney_0d73a
Haley,Baldwin,Haley_Baldwin@bush-wolfe.com,19650413,Baldwin_b3439
Alexander,Wilson,Alexander_Wilson@barron-garcia.com,19881111,Wilson_51998
April,Cole,April_Cole@vargas.com,19610622,Cole_2b0a2
Holly,Riley,Holly_Riley@stokes.com,19740728,Riley_3e1f8
Jeffrey,Poole,Jeffrey_Poole@cross.com,19570402,Poole_a4a9a
Rachel,Poole,Rachel_Poole@jones.net,19760807,Poole_46b07
Sheena,Ward,Sheena_Ward@wilson-mcbride.com,19730926,Ward_57d0c
Cynthia,Smith,Cynthia_Smith@smith.com,19510509,Smith_8477e
Kevin,Clayton,Kevin_Clayton@miller.com,19750807,Clayton_6ad7d
Sarah,Coleman,Sarah_Coleman@novak.com,19500119,Coleman_db259
Cody,Becker,Cody_Becker@hansen.com,19601216,Becker_dd317
Molly,Miller,Molly_Miller@king-kelly.net,19770511,Miller_d8bf5
Craig,Bailey,Craig_Bailey@hancock-brown.com,19970713,Bailey_fac5d
Patricia,Gray,Patricia_Gray@dawson.com,19660319,Gray_00c0a
Casey,Coffey,Casey_Coffey@west.com,20040208,Coffey_eabee
Robert,Rivera,Robert_Rivera@gibson.com,19500722,Rivera_6a7ce
Michelle,Lewis,Michelle_Lewis@wiggins-thornton.com,19830121,Lewis_afe1c
John,Owens,John_Owens@callahan.com,19670424,Owens_4cd37
Sarah,Smith,Sarah_Smith@kirk.com,19680408,Smith_2c851
Nancy,Lucas,Nancy_Lucas@aguilar.com,19830607,Lucas_b2c40
Christina,Murray,Christina_Murray@collins-day.com,19791217,Murray_a46c7
Emma,Berry,Emma_Berry@charles.com,19940701,Berry_52a6d
Christopher,Gross,Christopher_Gross@grimes.net,20031114,Gross_2742d
Jason,Hawkins,Jason_Hawkins@adams-hunter.com,19540110,Hawkins_c7026
Jeffrey,Rodriguez,Jeffrey_Rodriguez@johnson-white.com,19690718,Rodriguez_84bf3
Christina,Miller,Christina_Miller@marshall-lucas.com,19530425,Miller_84bb3
Maria,Miller,Maria_Miller@roberts.com,19941221,Miller_208dd
Eileen,Davis,Eileen_Davis@knox.com,19520404,Davis_3a81f
Harry,Miller,Harry_Miller@warner-jackson.com,19890613,Miller_4e2a7
Ellen,Montes,Ellen_Montes@sellers.com,19610714,Montes_29eaa
Gregory,Mclean,Gregory_Mclean@valencia.com,19610108,Mclean_0a9b5
Angela,Spencer,Angela_Spencer@lopez.com,19980205,Spencer_95979
Christina,Price,Christina_Price@kennedy-tran.com,19860805,Price_35238
Amber,Randall,Amber_Randall@boyd-freeman.net,19521009,Randall_8b2e2
Matthew,Morris,Matthew_Morris@boyle-novak.com,19981111,Morris_f9657
Cindy,Blackburn,Cindy_Blackburn@bolton.net,20000810,Blackburn_4d382
Matthew,Jacobson,Matthew_Jacobson@bishop-thomas.com,19511204,Jacobson_6f0a4
Stacy,Jones,Stacy_Jones@perez.com,19940909,Jones_c6f5d
Scott,Zimmerman,Scott_Zimmerman@fischer.com,19560130,Zimmerman_881d6
Dakota,Silva,Dakota_Silva@barker-miller.com,19791007,Silva_80f7f
Jacob,Spencer,Jacob_Spencer@jefferson.net,19620226,Spencer_d5b01
Matthew,Hoffman,Matthew_Hoffman@lara.com,20050504,Hoffman_aeb21
Matthew,Oliver,Matthew_Oliver@mitchell.com,19720423,Oliver_94edc
Roger,Maddox,Roger_Maddox@richards.com,19810426,Maddox_6974f
Bryan,Gutierrez,Bryan_Gutierrez@short-huerta.net,19881118,Gutierrez_c61e8
Peter,Schultz,Peter_Schultz@shah.com,19570829,Schultz_5fff4
Justin,Burke,Justin_Burke@johnson.com,19961202,Burke_ea689
Sarah,Ramsey,Sarah_Ramsey@hayes.com,19640622,Ramsey_4c3e8
Michael,Chang,Michael_Chang@watkins.com,19900902,Chang_62c2d
Patricia,Spencer,Patricia_Spencer@holland-rodriguez.com,20040323,Spencer_6aae7
Pamela,Hughes,Pamela_Hughes@rivas-garza.com,19570116,Hughes_bf91b
Jimmy,Morris,Jimmy_Morris@hall-watkins.com,19640120,Morris_25892
Lauren,Romero,Lauren_Romero@davis.com,20020425,Romero_e5750
Adam,Jones,Adam_Jones@kline-reeves.com,19570701,Jones_f63ae
Matthew,Murphy,Matthew_Murphy@graham.com,19600216,Murphy_5dc4e
Jessica,Arroyo,Jessica_Arroyo@flores-evans.com,20021019,Arroyo_a6982
Caleb,Zuniga,Caleb_Zuniga@stone.net,19681028,Zuniga_a2d94
Cheyenne,Moreno,Cheyenne_Moreno@hampton.com,19601209,Moreno_f4e59
Courtney,Lopez,Courtney_Lopez@sanders.com,19711008,Lopez_7fa5b
Kenneth,Williamson,Kenneth_Williamson@perez.com,19541003,Williamson_b834c
Bruce,Browning,Bruce_Browning@robertson-baldwin.com,19631113,Browning_1f631
Shannon,Gilbert,Shannon_Gilbert@brown-schaefer.com,19920613,Gilbert_cba39
Amanda,Brown,Amanda_Brown@williams.com,19541218,Brown_cde99
Riley,Gomez,Riley_Gomez@hoffman.com,19811102,Gomez_67c3c
Shelby,Price,Shelby_Price@fuller.net,19860708,Price_168bd
Scott,Harris,Scott_Harris@mullins.com,19901214,Harris_fc222
Bonnie,Franklin,Bonnie_Franklin@gillespie.com,19880714,Franklin_f8d94
Ashley,Morris,Ashley_Morris@marshall.net,20020110,Morris_b3c8b
Jack,Jensen,Jack_Jensen@kent-williamson.net,19601229,Jensen_676e2
Daniel,Armstrong,Daniel_Armstrong@brown.com,19820714,Armstrong_f79a4
Susan,Donovan,Susan_Donovan@jordan-anderson.com,19690130,Donovan_6c619
Michael,Powell,Michael_Powell@mccall.com,19941127,Powell_4f74d
Alexander,Lowe,Alexander_Lowe@morris.com,19610805,Lowe_9b0dc
Aaron,Wilson,Aaron_Wilson@burke-benton.net,19870517,Wilson_6845c
Samuel,Lee,Samuel_Lee@gardner-rodriguez.net,19740902,Lee_d3d5c
Jennifer,Weaver,Jennifer_Weaver@patterson.com,19781015,Weaver_feb81
Brittany,Ellison,Brittany_Ellison@nolan.com,20040404,Ellison_93ac6
Leonard,Hamilton,Leonard_Hamilton@brown.com,19880229,Hamilton_f2276
Kathy,Phillips,Kathy_Phillips@floyd.com,19841216,Phillips_608c9
Jennifer,Jimenez,Jennifer_Jimenez@morgan.com,19921121,Jimenez_5ed59
Victoria,Lawson,Victoria_Lawson@snyder.com,19541204,Lawson_c755d
Michael,Martinez,Michael_Martinez@hogan.net,19521107,Martinez_bc0fc
Paul,Jones,Paul_Jones@clark-irwin.com,19940215,Jones_f903f
Danielle,Tran,Danielle_Tran@mann.com,19880826,Tran_40aaa
Jeff,Freeman,Jeff_Freeman@guzman.com,20030520,Freeman_35a3d
Marissa,Jones,Marissa_Jones@lewis.net,19580806,Jones_cdd9f
Elijah,Roy,Elijah_Roy@jones-baldwin.com,19870705,Roy_57ef7
Courtney,Simpson,Courtney_Simpson@preston-cantrell.com,19731103,Simpson_7383f
Kimberly,Hopkins,Kimberly_Hopkins@adams.com,19931022,Hopkins_56d12
William,King,William_King@cline-allen.com,19841115,King_4ae33
Stephanie,Robertson,Stephanie_Robertson@owen-rodriguez.com,20020805,Robertson_c09d4
Ashley,Rogers,Ashley_Rogers@elliott-johnson.com,20041206,Rogers_34790
Rickey,Hill,Rickey_Hill@parker-cohen.com,19640430,Hill_bd6cc
Erika,Stewart,Erika_Stewart@solis.com,19851226,Stewart_40f40
Christina,Johnson,Christina_Johnson@clark.com,20010622,Johnson_5dcd5
Kelli,Wells,Kelli_Wells@jones.com,19540308,Wells_5c2c0
Nathan,Archer,Nathan_Archer@gray.com,19560723,Archer_c6232
Michael,Kline,Michael_Kline@phelps-alvarez.com,19650623,Kline_6fe75
Joshua,Rodriguez,Joshua_Rodriguez@thornton-benitez.com,19530317,Rodriguez_1eec6
James,Rodriguez,James_Rodriguez@logan.com,19810717,Rodriguez_a7ea3
Robert,Zuniga,Robert_Zuniga@rodriguez-garcia.com,20050704,Zuniga_1f26a
Robert,Ortega,Robert_Ortega@perez.com,19600316,Ortega_7f647
Teresa,Ruiz,Teresa_Ruiz@holmes.com,19510904,Ruiz_e89df
Madison,Mejia,Madison_Mejia@sims.com,19530323,Mejia_10b0a
James,Bailey,James_Bailey@flynn.net,19861007,Bailey_b3b3b
Mary,Perry,Mary_Perry@williams.net,19730808,Perry_e8625
Crystal,Jones,Crystal_Jones@webb.com,19620914,Jones_85733
Aaron,Brown,Aaron_Brown@yates.com,19860502,Brown_9035e
Tanya,Barajas,Tanya_Barajas@davis.com,19740430,Barajas_c09f8
Samantha,Rasmussen,Samantha_Rasmussen@stokes-leon.com,19940621,Rasmussen_0fcc4
Vincent,Martin,Vincent_Martin@wright-lee.com,19840124,Martin_92713
Tony,Crawford,Tony_Crawford@moore.com,19870818,Crawford_a2a35
Randy,Sullivan,Randy_Sullivan@perez.net,19611025,Sullivan_7d828
Kimberly,Thompson,Kimberly_Thompson@brewer-walters.net,20001211,Thompson_77cc8
Martin,Compton,Martin_Compton@morgan.com,19840602,Compton_395a9
Tracy,Brown,Tracy_Brown@joyce.com,19720823,Brown_8baf8
Leslie,Preston,Leslie_Preston@johns.com,19720510,Preston_d0922
Jay,Parker,Jay_Parker@fowler.net,19930930,Parker_311d6
Lance,Williams,Lance_Williams@williams.net,19730807,Williams_44d67
Kathleen,Allen,Kathleen_Allen@cook.com,19860113,Allen_b02ca
Marie,Lamb,Marie_Lamb@hampton.com,19790410,Lamb_5dc6d
Nathan,Flores,Nathan_Flores@gibbs.net,19790409,Flores_a43fb
Ashley,Caldwell,Ashley_Caldwell@mason-bryant.com,19880903,Caldwell_aa013
Renee,Martin,Renee_Martin@crawford-walker.com,19810421,Martin_caab2
Keith,Parker,Keith_Parker@moore.com,19640826,Parker_0793e
Melissa,Levy,Melissa_Levy@arroyo.com,19500330,Levy_bef91
Brandon,Powell,Brandon_Powell@craig-gonzales.net,19760606,Powell_fe4b6
Michael,Wu,Michael_Wu@gutierrez.com,20041130,Wu_c308d
Kimberly,Stone,Kimberly_Stone@murphy-bryant.com,19940512,Stone_1d9aa
Adam,Jones,Adam_Jones@ashley.com,19730316,Jones_575ba
Elizabeth,Andersen,Elizabeth_Andersen@baker.com,19740123,Andersen_61066
Destiny,Lutz,Destiny_Lutz@thompson-wright.com,19940412,Lutz_3427f
Brandy,Allen,Brandy_Allen@hardy-griffin.com,19810113,Allen_54dd1
Stephanie,Decker,Stephanie_Decker@barrett.net,19770905,Decker_0c2ca
Michelle,Keller,Michelle_Keller@johnson.com,19510607,Keller_80065
Stacey,Yates,Stacey_Yates@lewis.com,19921208,Yates_0613f
Sue,Lee,Sue_Lee@rojas.com,19860829,Lee_f9df7
Anna,Long,Anna_Long@coleman.com,19740316,Long_850ab
Annette,Watson,Annette_Watson@brown-brennan.com,19580423,Watson_6dc0c
James,Thomas,James_Thomas@torres.net,19520509,Thomas_6cc50
Kimberly,Kelly,Kimberly_Kelly@smith-davis.com,20040403,Kelly_fd1cd
Kelli,Olson,Kelli_Olson@campbell.net,19960723,Olson_50aa7
Becky,Reid,Becky_Reid@vargas.net,19751027,Reid_1bdd4
Wesley,Shaw,Wesley_Shaw@henderson-gibson.com,19830121,Shaw_afe1c
Pamela,Boyd,Pamela_Boyd@freeman.com,19680628,Boyd_94bd7
Jeremy,Lewis,Jeremy_Lewis@murray.com,19530107,Lewis_644d9
Jennifer,Garza,Jennifer_Garza@herrera-klein.com,19890603,Garza_be6d1
Andre,Manning,Andre_Manning@reeves-marshall.com,20041208,Manning_edf3b
Joseph,Perry,Joseph_Perry@tucker.com,19510616,Perry_b530f
Heather,Herman,Heather_Herman@williams-lindsey.com,19710606,Herman_0ab62
Laura,Lopez,Laura_Lopez@rodriguez.com,19901221,Lopez_ea347
Reginald,Barnes,Reginald_Barnes@walker-robinson.com,19730214,Barnes_f462c
Robert,Weaver,Robert_Weaver@young-leonard.com,19820218,Weaver_201e1
Beth,Martinez,Beth_Martinez@johnson.com,19681225,Martinez_204f4
Spencer,Ware,Spencer_Ware@montgomery-lane.com,19801009,Ware_0b5e6
Willie,Erickson,Willie_Erickson@bartlett.com,19910110,Erickson_3df9d
Daniel,Nguyen,Daniel_Nguyen@mccall.com,19590903,Nguyen_6a5e7
Leonard,Martinez,Leonard_Martinez@mcbride.com,19560922,Martinez_7564a
Robert,Stephens,Robert_Stephens@lopez.com,20000619,Stephens_5a6e3
Daniel,Chen,Daniel_Chen@little.com,19520716,Chen_7d3b1
Samuel,Dalton,Samuel_Dalton@marquez.com,19960916,Dalton_32ce4
Heather,Bennett,Heather_Bennett@hamilton-blair.com,20020105,Bennett_dcbc8
Joshua,King,Joshua_King@hale.net,20000106,King_89592
Crystal,Blake,Crystal_Blake@parker.com,19701117,Blake_e7660
Amanda,Evans,Amanda_Evans@cox.com,19590224,Evans_62a52
Sergio,Day,Sergio_Day@guzman-garrett.com,19510531,Day_69b70
Julie,Boyd,Julie_Boyd@white-george.com,19690906,Boyd_9e514
Logan,Watkins,Logan_Watkins@hernandez.com,20000511,Watkins_c9964
Steven,Ortiz,Steven_Ortiz@hamilton.com,19670605,Ortiz_c84c2
Lisa,Marquez,Lisa_Marquez@day-smith.com,19710326,Marquez_7aa36
Jennifer,Martin,Jennifer_Martin@moore.com,19830527,Martin_82381
Arthur,Chandler,Arthur_Chandler@martin.com,19610210,Chandler_4ab75
Ronald,Hudson,Ronald_Hudson@carson.com,19511003,Hudson_01af1
Jennifer,Lee,Jennifer_Lee@guerra-lopez.com,19500104,Lee_d7999
Gregory,Yoder,Gregory_Yoder@robinson-johnson.com,19530620,Yoder_70108
Carolyn,Harmon,Carolyn_Harmon@watts-horn.com,19980124,Harmon_69598
Christopher,Harrell,Christopher_Harrell@lindsey.com,19700630,Harrell_7257b
Kevin,Johnson,Kevin_Johnson@rogers.com,19930802,Johnson_a67f3
Jessica,Smith,Jessica_Smith@galloway.com,20040629,Smith_d7f57
Michael,Harrison,Michael_Harrison@franklin.com,19510819,Harrison_087c8
Terry,Moore,Terry_Moore@barker-ayers.com,19870615,Moore_c62aa
James,Rogers,James_Rogers@green.net,19930704,Rogers_656af
Kathleen,Tran,Kathleen_Tran@wilson.net,19740211,Tran_b0eca
Jacqueline,Conway,Jacqueline_Conway@robinson-carson.com,19710617,Conway_ae427
Maxwell,Cole,Maxwell_Cole@larson.com,19510203,Cole_92aa4
Bethany,Williamson,Bethany_Williamson@flores.com,19540310,Williamson_2b72a
Joseph,Wright,Joseph_Wright@powell.net,19570521,Wright_f1b73
Heidi,Bolton,Heidi_Bolton@spencer.com,19560616,Bolton_06e0a
Daniel,Lewis,Daniel_Lewis@robertson.com,19770205,Lewis_e0082
Dale,Ramirez,Dale_Ramirez@patton.com,19550323,Ramirez_63293
Carol,Sharp,Carol_Sharp@garcia-lamb.com,19750312,Sharp_7f0b3
Joseph,Buck,Joseph_Buck@jacobs.com,19520311,Buck_542b9
Lynn,Anderson,Lynn_Anderson@williams-carter.com,19960113,Anderson_542fb
Sarah,Harris,Sarah_Harris@thomas-sanchez.com,20010530,Harris_526ca
Victor,Owens,Victor_Owens@collins.com,19960815,Owens_620f1
Kimberly,Koch,Kimberly_Koch@rodriguez.net,19870125,Koch_43971
Allison,Obrien,Allison_Obrien@bailey-sanders.com,19620423,Obrien_00e34
John,Rogers,John_Rogers@oneill.com,19710905,Rogers_160f6
Janet,Collins,Janet_Collins@farrell.com,19840721,Collins_120bd
Kristin,Lawson,Kristin_Lawson@salinas.com,19760111,Lawson_cbf97
James,Castaneda,James_Castaneda@miller-hart.com,19640126,Castaneda_7660a
Robert,Ortiz,Robert_Ortiz@saunders-hunter.com,19761108,Ortiz_66abd
Connie,Harper,Connie_Harper@lewis.com,19950627,Harper_709ac
Debbie,Burns,Debbie_Burns@salinas.com,19830806,Burns_f2b3a
Gabriel,Preston,Gabriel_Preston@black.com,19961120,Preston_b6298
Brandon,Orozco,Brandon_Orozco@greene.com,19870717,Orozco_02d2b
Kari,Nguyen,Kari_Nguyen@farley.com,19991119,Nguyen_6f546
Brittany,Hill,Brittany_Hill@rogers-hoffman.com,19870605,Hill_2c87a
Carrie,Martinez,Carrie_Martinez@hendrix.com,19740124,Martinez_a7c33
Linda,White,Linda_White@moore.com,19751015,White_e9960
Jake,Spencer,Jake_Spencer@murphy.com,20020509,Spencer_c21d7
Joseph,Chan,Joseph_Chan@hutchinson-gutierrez.com,19660922,Chan_f9d1e
Kathleen,Ali,Kathleen_Ali@horn-rogers.com,19960602,Ali_a2746
Danielle,Stephens,Danielle_Stephens@miller.net,19610929,Stephens_baaae
Brianna,Schaefer,Brianna_Schaefer@nelson-mcmahon.com,19761203,Schaefer_ac7f3
Angela,Morris,Angela_Morris@murray.com,19760702,Morris_9ba0c
Jessica,Smith,Jessica_Smith@walsh-steele.com,19510531,Smith_69b70
Brenda,Long,Brenda_Long@carter.net,19510914,Long_f0fca
Megan,Taylor,Megan_Taylor@montgomery.com,19930510,Taylor_757b6
Kelly,Morales,Kelly_Morales@sanchez.com,19800227,Morales_3cabc
Sheri,Johnson,Sheri_Johnson@lucas.com,19880422,Johnson_5c594
Lori,Pacheco,Lori_Pacheco@ayala.com,19620630,Pacheco_7ccf5
Sandra,Schmidt,Sandra_Schmidt@herrera.com,19590711,Schmidt_be25c
Rachel,Hill,Rachel_Hill@gutierrez.com,19541202,Hill_2b641
Emily,Case,Emily_Case@lewis.com,19850508,Case_1fe51
Seth,Alvarez,Seth_Alvarez@conrad.com,19800108,Alvarez_af321
Jose,Reyes,Jose_Reyes@garcia.com,19700929,Reyes_0a636
Zachary,Le,Zachary_Le@whitaker.com,19851028,Le_44e84
Rhonda,Anthony,Rhonda_Anthony@lawson.com,19740915,Anthony_91ec3
Joseph,Hill,Joseph_Hill@rodriguez-newton.com,20020923,Hill_0d4d9
Erin,Davis,Erin_Davis@sanchez.net,19600917,Davis_dbcb2
Lucas,Brown,Lucas_Brown@miller.com,19891101,Brown_1ebf8
William,Garcia,William_Garcia@powell.com,19850912,Garcia_72e9b
Lauren,Swanson,Lauren_Swanson@pena-pierce.com,19610921,Swanson_b3ea5
John,Frank,John_Frank@martin.com,19500519,Frank_4dfb9
Nicole,Schmidt,Nicole_Schmidt@stephens.com,19651109,Schmidt_54bf2
Nathan,Gray,Nathan_Gray@scott-gonzalez.com,19960618,Gray_15cd6
Nichole,Delgado,Nichole_Delgado@dixon-cruz.com,19720305,Delgado_f68ba
Marcus,Rodriguez,Marcus_Rodriguez@jones.com,19690511,Rodriguez_3a35b
Samuel,Solomon,Samuel_Solomon@wolf.net,19871230,Solomon_23bae
Katrina,Miller,Katrina_Miller@grimes.com,19540308,Miller_5c2c0
Raymond,Conner,Raymond_Conner@oneal-johnson.com,19970128,Conner_71970
Lori,Fuller,Lori_Fuller@gordon.com,19680101,Fuller_9068b
Frank,Villegas,Frank_Villegas@johnson-mitchell.com,20050117,Villegas_0003d
Corey,Wilson,Corey_Wilson@hoover-hernandez.com,19531011,Wilson_da57e
Holly,James,Holly_James@macdonald.com,19641104,James_e7a3a
Alicia,Mccarty,Alicia_Mccarty@beasley.com,19820916,Mccarty_a4b9d
Zoe,Christian,Zoe_Christian@grant.com,19990319,Christian_90eb3
Nicholas,Watson,Nicholas_Watson@williams.com,19620403,Watson_61db6
Victoria,Wood,Victoria_Wood@proctor-baker.com,19910622,Wood_67f27
Jillian,Knight,Jillian_Knight@davenport.com,19881108,Knight_10192
Ryan,Fisher,Ryan_Fisher@fletcher.com,19871030,Fisher_27703
Stephanie,Howe,Stephanie_Howe@allen.com,19630905,Howe_a7c94
Kenneth,Kim,Kenneth_Kim@duran.com,19990505,Kim_c0e4a
Andrew,Macias,Andrew_Macias@douglas.com,19661013,Macias_a4116
Elizabeth,Huffman,Elizabeth_Huffman@zamora.com,19580918,Huffman_fb25a
Christina,Stone,Christina_Stone@medina.com,19930320,Stone_9ab9f
Alexander,Merritt,Alexander_Merritt@butler.net,19800913,Merritt_696fd
Kelly,Sanders,Kelly_Sanders@coleman.com,19520413,Sanders_e9c2f
Matthew,Jones,Matthew_Jones@arnold.com,20000615,Jones_fae51
Sarah,David,Sarah_David@collier.net,19981216,David_39e9f
Carmen,Barajas,Carmen_Barajas@smith.com,19810526,Barajas_62836
Angela,Johnson,Angela_Johnson@stewart.com,19840827,Johnson_5dcba
Melissa,Sparks,Melissa_Sparks@sanchez-stevenson.com,19930802,Sparks_a67f3
Katherine,Hill,Katherine_Hill@tran.com,19830918,Hill_e971e
Kristin,Hart,Kristin_Hart@ortega.com,19661217,Hart_3b264
Jacqueline,Ho,Jacqueline_Ho@henry.com,19610131,Ho_73551
Michael,Knight,Michael_Knight@davidson.com,19870408,Knight_e66ab
Heather,Arroyo,Heather_Arroyo@martinez.com,19790709,Arroyo_44022
Lori,Larson,Lori_Larson@flowers.com,19630807,Larson_06714
David,Vazquez,David_Vazquez@davila-beck.com,19900612,Vazquez_13d09
Sherry,Hicks,Sherry_Hicks@stout-nicholson.com,19611127,Hicks_5e5f2
Sarah,Davila,Sarah_Davila@nash.com,19790906,Davila_1977b
Karen,Oneill,Karen_Oneill@gomez.com,19921004,Oneill_7278c
Nicholas,Mills,Nicholas_Mills@williams.com,19631001,Mills_f511a
Jennifer,Montgomery,Jennifer_Montgomery@estrada-cole.com,19710715,Montgomery_1a334
Cynthia,Bailey,Cynthia_Bailey@oneill.com,19790825,Bailey_13beb
John,Wright,John_Wright@harris.com,19831019,Wright_fefcf
Sheila,Brown,Sheila_Brown@stevens-edwards.com,19821128,Brown_565a7
Martin,Griffin,Martin_Griffin@allen.com,20050102,Griffin_81e87
Lisa,Moore,Lisa_Moore@ramos.com,19941119,Moore_a6529
Julian,Newman,Julian_Newman@haynes.com,19580313,Newman_15a27
Thomas,Ferguson,Thomas_Ferguson@guzman.com,19591213,Ferguson_fb458
Lauren,Rodriguez,Lauren_Rodriguez@soto.com,19931016,Rodriguez_a9b99
Richard,Anderson,Richard_Anderson@white.com,19580607,Anderson_7118f
Jessica,Lee,Jessica_Lee@brown-baxter.com,19670124,Lee_7f12f
Martin,Allen,Martin_Allen@steele.com,20020924,Allen_7a4f2
Angela,Mitchell,Angela_Mitchell@moreno-evans.com,19690105,Mitchell_06d3f
Derrick,Sanchez,Derrick_Sanchez@mitchell.com,19700424,Sanchez_9f266
Christine,Ellis,Christine_Ellis@blackwell.com,19980617,Ellis_b9ff0
Alyssa,Salinas,Alyssa_Salinas@robbins.com,19980710,Salinas_8ad1c
Kevin,Walsh,Kevin_Walsh@hamilton.net,19920805,Walsh_8cd29
Kenneth,Knox,Kenneth_Knox@zamora.com,19990626,Knox_d64ed
Steve,Mitchell,Steve_Mitchell@adkins-russell.com,19751027,Mitchell_1bdd4
Craig,Hendricks,Craig_Hendricks@garcia-higgins.com,19951018,Hendricks_a352c
Ricky,Kerr,Ricky_Kerr@gonzalez-martinez.com,19510625,Kerr_a02d8
Gloria,Aguilar,Gloria_Aguilar@dorsey-donaldson.com,19690606,Aguilar_d3661
William,Jones,William_Jones@ford.com,20051026,Jones_e09e3
Alexander,Knight,Alexander_Knight@doyle.com,19740812,Knight_7e064
Joseph,Cross,Joseph_Cross@mason-shaw.net,19530126,Cross_36c08
Joel,Myers,Joel_Myers@smith-willis.net,19720920,Myers_1466d
Michael,Mckee,Michael_Mckee@gordon.com,20000917,Mckee_92c0e
Roy,Park,Roy_Park@rodriguez-west.com,19551029,Park_a639e
Jonathan,Castro,Jonathan_Castro@sandoval.com,19700409,Castro_49d90
Richard,Carroll,Richard_Carroll@massey-gardner.com,19610526,Carroll_78391
Michelle,Fletcher,Michelle_Fletcher@anderson.com,19831024,Fletcher_e6fff
Carol,Murphy,Carol_Murphy@lowe.com,19640317,Murphy_ecd95
Michael,Russell,Michael_Russell@orozco.com,19680308,Russell_203e4
Shawna,Andrews,Shawna_Andrews@freeman.com,19981115,Andrews_776f9
Dana,Hernandez,Dana_Hernandez@jackson.com,19940126,Hernandez_3d7b1
Lauren,Harris,Lauren_Harris@long.com,19780811,Harris_e20bd
Sean,Morales,Sean_Morales@molina.com,20030920,Morales_867f3
John,Mendoza,John_Mendoza@mahoney.com,19850519,Mendoza_fa60d
Sierra,Mcdaniel,Sierra_Mcdaniel@mata.com,20030713,Mcdaniel_4de3f
Wendy,Smith,Wendy_Smith@smith-webb.com,19700128,Smith_85c0b
Leslie,Diaz,Leslie_Diaz@thomas-shelton.com,19570430,Diaz_0bd1d
Grant,Snyder,Grant_Snyder@gonzales.com,19731031,Snyder_d3f05
Brandi,Jenkins,Brandi_Jenkins@miller.com,19651228,Jenkins_27fe6
Amy,Haynes,Amy_Haynes@levy.com,19600314,Haynes_18bc2
John,Roberts,John_Roberts@hendricks.com,19540315,Roberts_d606a
Carrie,Nelson,Carrie_Nelson@archer-murphy.com,19510609,Nelson_fde1d
Jacob,Hood,Jacob_Hood@evans.com,19560208,Hood_bb6b9
Tracy,Charles,Tracy_Charles@rowe.com,19931108,Charles_02485
Brandon,Johnson,Brandon_Johnson@ramirez.com,19851003,Johnson_8eba4
Wendy,Nelson,Wendy_Nelson@day.com,19650108,Nelson_f7fc3
Jasmine,Ramsey,Jasmine_Ramsey@jackson.com,19500407,Ramsey_843ef
William,Beltran,William_Beltran@bean.com,19850313,Beltran_b42ac
Gerald,Stuart,Gerald_Stuart@strong.net,19950810,Stuart_42d02
Jacob,Vaughan,Jacob_Vaughan@martinez.com,19830908,Vaughan_40056
Alyssa,Ferguson,Alyssa_Ferguson@holmes.com,20040410,Ferguson_15fa1
Matthew,Fuentes,Matthew_Fuentes@miranda.com,19660329,Fuentes_0598c
April,Carpenter,April_Carpenter@page.com,19710929,Carpenter_4acee
Rachel,Garcia,Rachel_Garcia@neal.com,19961021,Garcia_d383b
Patrick,Madden,Patrick_Madden@sanders.com,19941101,Madden_d8100
Angela,Myers,Angela_Myers@rodriguez.com,19740126,Myers_96365
Wayne,Baker,Wayne_Baker@brown.com,19671227,Baker_726e6
Haley,Cox,Haley_Cox@lewis.com,19641001,Cox_c2d50
Dan,Sanders,Dan_Sanders@klein-hernandez.com,19500813,Sanders_65a5d
Thomas,Fisher,Thomas_Fisher@phillips.com,19850415,Fisher_cd40a
Taylor,Lopez,Taylor_Lopez@jones-salazar.com,19570522,Lopez_d2a7d
Jeffrey,Macias,Jeffrey_Macias@cox.com,19900310,Macias_76606
Brian,Drake,Brian_Drake@hurst-price.net,19621102,Drake_1697c
Timothy,Jordan,Timothy_Jordan@young.com,19991228,Jordan_26d57
Kathy,Leblanc,Kathy_Leblanc@warren-gray.com,19810227,Leblanc_25e89
William,Floyd,William_Floyd@duran.com,19720713,Floyd_ee7c0
Angela,Hayden,Angela_Hayden@barry.net,19960623,Hayden_44dbe
Renee,Hodges,Renee_Hodges@hamilton.com,19871228,Hodges_c3205
Samantha,Miller,Samantha_Miller@mcmahon.com,19650406,Miller_b1a7b
Lauren,Orozco,Lauren_Orozco@sanchez.com,20000126,Orozco_32e5d
Matthew,Diaz,Matthew_Diaz@ortiz.com,20040429,Diaz_b1fbe
April,Owen,April_Owen@sanchez.com,19670923,Owen_1c1c8
Evan,Russell,Evan_Russell@ferguson.net,19590120,Russell_eeae9
Brent,Castaneda,Brent_Castaneda@garcia.com,19580307,Castaneda_1e9a5
Gregory,Peters,Gregory_Peters@ray.net,19900902,Peters_62c2d
Matthew,Salazar,Matthew_Salazar@jones-jones.com,19991211,Salazar_8a391
Natasha,Martinez,Natasha_Martinez@west.com,19680418,Martinez_fa7cb
Charles,Powell,Charles_Powell@knight.com,19970906,Powell_89e26
Brian,Powell,Brian_Powell@hernandez.com,19591115,Powell_c3379
Laura,Sandoval,Laura_Sandoval@brown.com,19860913,Sandoval_6592d
Charles,Gonzalez,Charles_Gonzalez@navarro.com,19710404,Gonzalez_bc4a4
Nicholas,Caldwell,Nicholas_Caldwell@hurley-bass.com,19770714,Caldwell_92d76
Brian,Wyatt,Brian_Wyatt@wright-young.com,19581211,Wyatt_ac546
Ryan,Garcia,Ryan_Garcia@vazquez-wells.com,19930815,Garcia_a540e
Megan,Anderson,Megan_Anderson@wilson-murillo.com,19700729,Anderson_a86c0
Pamela,Hughes,Pamela_Hughes@charles-costa.com,19870613,Hughes_5403f
Tiffany,Scott,Tiffany_Scott@davis.com,19861110,Scott_af31d
Stanley,Conway,Stanley_Conway@adams.com,19850905,Conway_b17c3
Yolanda,Petty,Yolanda_Petty@dunlap-brown.com,19910125,Petty_89b4f
Timothy,Evans,Timothy_Evans@douglas-gray.net,20040703,Evans_3b14d
Tara,Jones,Tara_Jones@blankenship.net,19850303,Jones_7290c
George,Williams,George_Williams@patton.com,19810319,Williams_c20d3
Lori,Allen,Lori_Allen@valdez-phillips.com,20020916,Allen_8c000
Charles,Kelly,Charles_Kelly@dalton.com,19690401,Kelly_0c61d
Jonathan,Villa,Jonathan_Villa@suarez.com,19751203,Villa_19bdd
Cindy,Jackson,Cindy_Jackson@garcia-burch.com,19670727,Jackson_40b1b
Scott,Williams,Scott_Williams@keller-wong.com,19800308,Williams_10ae3
Dylan,Hernandez,Dylan_Hernandez@singleton-johnson.com,19950301,Hernandez_04544
Michelle,Garcia,Michelle_Garcia@lynch.com,19801017,Garcia_6967c
Matthew,Bailey,Matthew_Bailey@benjamin.com,19870728,Bailey_255ab
Curtis,Flynn,Curtis_Flynn@cook-drake.com,19780926,Flynn_066c3
Thomas,Perez,Thomas_Perez@greene-lopez.com,19630220,Perez_7a5c3
Sheri,Kline,Sheri_Kline@hinton.com,19940609,Kline_e724e
Jeff,Baker,Jeff_Baker@bentley.com,19670424,Baker_4cd37
Shannon,Thomas,Shannon_Thomas@dawson-alexander.com,19680903,Thomas_2a3b9
Jeffrey,Murray,Jeffrey_Murray@jones.net,19821221,Murray_8d3f7
Kristin,Wagner,Kristin_Wagner@clayton.com,19970129,Wagner_83f4e
Nicole,Shea,Nicole_Shea@mcclure.com,19560102,Shea_abeb3
